{"episode": 3599, "metrics": {"episode_rewards": [8.060420049102472, 109.49658226120144, 110.55973641004269, 109.0235916381363, 109.85159141833363, 109.06229332899812, 6.234271077354627, 109.3561690776166, 109.77206426270553, 109.28183542667396, 110.16492576131442, 108.45331031316167, 109.6782063811095, 86.38473107903735, 109.68889745439465, 109.84465419266401, 109.40726284759819, 109.48160773350953, 109.50710092579352, 109.28565131921587, 109.01506103071523, 109.33900666470538, 109.6030927860823, 109.84191622824692, 109.38119240214758, 109.80331305035557, 108.82056834760229, 109.76508014986956, 84.83896931289665, 110.26489619372065, 109.5009420646668, 110.011066970127, 108.52171347083849, 110.2169064438967, 110.37256694116995, 109.7760559358177, 110.79190564308445, 40.133495691890566, 68.81624746893725, 109.26356359655284, 110.2832114245751, 15.587806045211163, 18.930211292613777, 109.20401784381725, 110.23992709468767, 109.34073668988, 108.06517727432468, 108.87182242103614, 109.4486931685543, 109.69699815778144, 109.73732420703766, 109.7590603359716, 109.22218192918699, 83.19281820450746, 109.70061337345165, 109.77370530519673, 109.23902331629024, 109.520124952988, 108.60231132946521, 109.52782915427503, 109.28777947230627, 109.46184525712029, 109.92448834417691, 99.17679798543801, 109.53353416577885, 108.86471721074216, 109.15130862329654, 109.55241799945235, 109.48158415006071, 109.69551556553262, 107.73614182115747, 109.53115298856204, 109.33130484750367, 109.56492193583684, 110.4886327542117, 109.38224312109573, 109.03825768266042, 109.5979690459249, 109.59876049032948, 108.92896548733361, 109.83911899213992, 109.58405107591027, 109.65016689965577, 108.84398886983708, 109.73271424714486, 109.70318720330907, 108.85717850228778, 109.20996654204579, 109.58612755879466, 109.80933780278582, 109.00836668504294, 21.39345882290498, 109.66677374471072, 109.49300362022157, 109.32627069806631, 109.36368400152229, 109.76092773237686, 109.7445823157202, 109.60738825115497, 110.41269948739406, 70.6932273376779, 109.71522801208769, 109.3018642051859, 109.82893434364705, 108.82804515126938, 46.36831261769001, 110.7250078729597, 5.782032717630703, 17.727310723635423, 108.81783700509142, 108.74223076448858, 109.82782516709104, 21.54972851434151, 18.129773754158986, 108.83898313562099, 109.25517563517501, 59.79284766603639, 109.599144938548, 108.77987059707307, 109.59812742256116, 108.31102746497797, 83.32719368254689, 109.77657851843294, 109.82783488683783, 31.905540148687265, 109.25299131474677, 109.9404327042593, 109.72092344223826, 109.90416658560584, 109.20003296133916, 29.161042795761013, 109.85204811834035, 60.680934602042335, 109.81083625666726, 109.41951912157288, 109.50325025331584, 24.076882506548973, 91.73713694838678, 110.03208707363055, 109.474136205812, 109.65288569497794, 108.6212788002731, 108.6695264765173, 109.78726638814638, 109.46817663902964, 109.39052495172253, 64.25269855597008, 109.39228006180113, 109.01471901344931, 109.36703799184768, 109.67304864843149, 109.3538222046491, 109.54504080467761, 108.25552255555678, 108.66668716268362, 108.43402322842974, 109.08548156406725, 109.16034504594427, 109.783297755045, 33.9980434818731, 109.9294168673966, 109.67136551557066, 108.49112861427875, 108.80606267669955, 108.93178317176006, 108.70461839184713, 81.60783233189055, 42.31204894093674, 108.82992243762097, 108.48825597005906, 109.03240019318794, 19.107905636989482, 109.76617016794094, 25.529559458895616, 108.46819827330765, 109.8443083505354, 109.5027141136659, 109.51371656834259, 47.42548792297527, 108.96518517505545, 108.39561458212513, 109.4861583657939, 25.252556888751506, 109.95658651658684, 109.81089148627129, 108.77304764298685, 29.76237318378871, 109.1734661781027, 109.26527694340743, 108.52652722507611, 108.56606655982354, 31.485639155269418, 22.185139703815718, 108.59049940221865, 109.27958984911209, 108.99322761374374, 109.27760315808158, 109.24915867673508, 109.77545525858157, 108.16570997542622], "avg_rewards": [89.06985549501653, 107.18963480077988, 107.0673096166342, 98.74044642269817, 90.96686014124815, 106.82749921083705, 108.41299887739046, 109.31983501746159, 109.48158376939111, 100.7777155359115, 79.77877999868753, 86.41137075950948, 99.11667217096722, 86.3747873882078, 104.7616394573735, 101.59553124513579, 99.577243491806, 85.71556458608963, 92.84024990128906, 92.55680893528077],